epoch,accuracy,loss,val_accuracy,val_loss
0,0.8689966797828674,1.097400426864624,0.9270086884498596,0.21883811056613922
