epoch,accuracy,loss,val_accuracy,val_loss
0,0.8580478429794312,0.7706747055053711,0.8933204412460327,0.26438894867897034
